package	version	architecture
adduser	3.137ubuntu1	all
adwaita-icon-theme	46.0-1	all
apt	2.8.3	amd64
at-spi2-common	2.52.0-1build1	all
base-files	13ubuntu10.4	amd64
base-passwd	3.6.3build1	amd64
bash	5.2.21-2ubuntu4	amd64
binutils	2.42-4ubuntu2.10	amd64
binutils-common	2.42-4ubuntu2.10	amd64
binutils-x86-64-linux-gnu	2.42-4ubuntu2.10	amd64
bsdutils	1:2.39.3-9ubuntu6.5	amd64
build-essential	12.10ubuntu1	amd64
bzip2	1.0.8-5.1build0.1	amd64
ca-certificates	20240203	all
ca-certificates-java	20240118	all
coreutils	9.4-3ubuntu6.1	amd64
cpp	4:13.2.0-7ubuntu1	amd64
cpp-13	13.3.0-6ubuntu2~24.04.1	amd64
cpp-13-x86-64-linux-gnu	13.3.0-6ubuntu2~24.04.1	amd64
cpp-x86-64-linux-gnu	4:13.2.0-7ubuntu1	amd64
cuda-cccl-12-6	12.6.77-1	amd64
cuda-command-line-tools-12-6	12.6.3-1	amd64
cuda-compiler-12-6	12.6.3-1	amd64
cuda-crt-12-6	12.6.85-1	amd64
cuda-cudart-12-6	12.6.77-1	amd64
cuda-cudart-dev-12-6	12.6.77-1	amd64
cuda-cuobjdump-12-6	12.6.77-1	amd64
cuda-cupti-12-6	12.6.80-1	amd64
cuda-cupti-dev-12-6	12.6.80-1	amd64
cuda-cuxxfilt-12-6	12.6.77-1	amd64
cuda-documentation-12-6	12.6.77-1	amd64
cuda-driver-dev-12-6	12.6.77-1	amd64
cuda-gdb-12-6	12.6.77-1	amd64
cuda-libraries-12-6	12.6.3-1	amd64
cuda-libraries-dev-12-6	12.6.3-1	amd64
cuda-nsight-12-6	12.6.77-1	amd64
cuda-nsight-compute-12-6	12.6.3-1	amd64
cuda-nsight-systems-12-6	12.6.3-1	amd64
cuda-nvcc-12-6	12.6.85-1	amd64
cuda-nvdisasm-12-6	12.6.77-1	amd64
cuda-nvml-dev-12-6	12.6.77-1	amd64
cuda-nvprof-12-6	12.6.80-1	amd64
cuda-nvprune-12-6	12.6.77-1	amd64
cuda-nvrtc-12-6	12.6.85-1	amd64
cuda-nvrtc-dev-12-6	12.6.85-1	amd64
cuda-nvtx-12-6	12.6.77-1	amd64
cuda-nvvm-12-6	12.6.85-1	amd64
cuda-nvvp-12-6	12.6.80-1	amd64
cuda-opencl-12-6	12.6.77-1	amd64
cuda-opencl-dev-12-6	12.6.77-1	amd64
cuda-profiler-api-12-6	12.6.77-1	amd64
cuda-sanitizer-12-6	12.6.77-1	amd64
cuda-toolkit-12-6	12.6.3-1	amd64
cuda-toolkit-12-6-config-common	12.6.77-1	all
cuda-toolkit-12-config-common	12.9.79-1	all
cuda-toolkit-config-common	13.2.51-1	all
cuda-tools-12-6	12.6.3-1	amd64
cuda-visual-tools-12-6	12.6.3-1	amd64
dash	0.5.12-6ubuntu5	amd64
dbus	1.14.10-4ubuntu4.1	amd64
dbus-bin	1.14.10-4ubuntu4.1	amd64
dbus-daemon	1.14.10-4ubuntu4.1	amd64
dbus-session-bus-common	1.14.10-4ubuntu4.1	all
dbus-system-bus-common	1.14.10-4ubuntu4.1	all
dbus-user-session	1.14.10-4ubuntu4.1	amd64
dconf-gsettings-backend	0.40.0-4ubuntu0.1	amd64
dconf-service	0.40.0-4ubuntu0.1	amd64
debconf	1.5.86ubuntu1	all
debianutils	5.17build1	amd64
default-jre	2:1.21-75+exp1	amd64
default-jre-headless	2:1.21-75+exp1	amd64
diffutils	1:3.10-1build1	amd64
dirmngr	2.4.4-2ubuntu17.4	amd64
dpkg	1.22.6ubuntu6.5	amd64
dpkg-dev	1.22.6ubuntu6.5	all
e2fsprogs	1.47.0-2.4~exp1ubuntu4.1	amd64
findutils	4.9.0-5build1	amd64
fontconfig	2.15.0-1.1ubuntu2	amd64
fontconfig-config	2.15.0-1.1ubuntu2	amd64
fonts-dejavu-core	2.37-8	all
fonts-dejavu-mono	2.37-8	all
g++	4:13.2.0-7ubuntu1	amd64
g++-13	13.3.0-6ubuntu2~24.04.1	amd64
g++-13-x86-64-linux-gnu	13.3.0-6ubuntu2~24.04.1	amd64
g++-x86-64-linux-gnu	4:13.2.0-7ubuntu1	amd64
gcc	4:13.2.0-7ubuntu1	amd64
gcc-13	13.3.0-6ubuntu2~24.04.1	amd64
gcc-13-base	13.3.0-6ubuntu2~24.04.1	amd64
gcc-13-x86-64-linux-gnu	13.3.0-6ubuntu2~24.04.1	amd64
gcc-14-base	14.2.0-4ubuntu2~24.04.1	amd64
gcc-x86-64-linux-gnu	4:13.2.0-7ubuntu1	amd64
gds-tools-12-6	1.11.1.6-1	amd64
gnupg	2.4.4-2ubuntu17.4	all
gnupg-utils	2.4.4-2ubuntu17.4	amd64
gnupg2	2.4.4-2ubuntu17.4	all
gpg	2.4.4-2ubuntu17.4	amd64
gpg-agent	2.4.4-2ubuntu17.4	amd64
gpgconf	2.4.4-2ubuntu17.4	amd64
gpgsm	2.4.4-2ubuntu17.4	amd64
gpgv	2.4.4-2ubuntu17.4	amd64
grep	3.11-4build1	amd64
gtk-update-icon-cache	3.24.41-4ubuntu1.3	amd64
gzip	1.12-1ubuntu3.1	amd64
hicolor-icon-theme	0.17-2	all
hostname	3.23+nmu2ubuntu2	amd64
humanity-icon-theme	0.6.16	all
init-system-helpers	1.66ubuntu1	all
java-common	0.75+exp1	all
keyboxd	2.4.4-2ubuntu17.4	amd64
libacl1	2.3.2-1build1.1	amd64
libapparmor1	4.0.1really4.0.1-0ubuntu0.24.04.5	amd64
libapt-pkg6.0t64	2.8.3	amd64
libargon2-1	0~20190702+dfsg-4build1	amd64
libasan8	14.2.0-4ubuntu2~24.04.1	amd64
libasound2-data	1.2.11-1ubuntu0.2	all
libasound2t64	1.2.11-1ubuntu0.2	amd64
libassuan0	2.5.6-1build1	amd64
libatk-bridge2.0-0t64	2.52.0-1build1	amd64
libatk1.0-0t64	2.52.0-1build1	amd64
libatomic1	14.2.0-4ubuntu2~24.04.1	amd64
libatspi2.0-0t64	2.52.0-1build1	amd64
libattr1	1:2.5.2-1build1.1	amd64
libaudit-common	1:3.1.2-2.1build1.1	all
libaudit1	1:3.1.2-2.1build1.1	amd64
libavahi-client3	0.8-13ubuntu6.1	amd64
libavahi-common-data	0.8-13ubuntu6.1	amd64
libavahi-common3	0.8-13ubuntu6.1	amd64
libbinutils	2.42-4ubuntu2.10	amd64
libblkid1	2.39.3-9ubuntu6.5	amd64
libbrotli1	1.1.0-2build2	amd64
libbsd0	0.12.1-1build1.1	amd64
libbz2-1.0	1.0.8-5.1build0.1	amd64
libc-bin	2.39-0ubuntu8.7	amd64
libc-dev-bin	2.39-0ubuntu8.7	amd64
libc6	2.39-0ubuntu8.7	amd64
libc6-dev	2.39-0ubuntu8.7	amd64
libcairo-gobject2	1.18.0-3build1	amd64
libcairo2	1.18.0-3build1	amd64
libcap-ng0	0.8.4-2build2	amd64
libcap2	1:2.66-5ubuntu2.2	amd64
libcc1-0	14.2.0-4ubuntu2~24.04.1	amd64
libcolord2	1.4.7-1build2	amd64
libcom-err2	1.47.0-2.4~exp1ubuntu4.1	amd64
libcrypt-dev	1:4.4.36-4build1	amd64
libcrypt1	1:4.4.36-4build1	amd64
libcryptsetup12	2:2.7.0-1ubuntu4.2	amd64
libctf-nobfd0	2.42-4ubuntu2.10	amd64
libctf0	2.42-4ubuntu2.10	amd64
libcublas-12-6	12.6.4.1-1	amd64
libcublas-dev-12-6	12.6.4.1-1	amd64
libcufft-12-6	11.3.0.4-1	amd64
libcufft-dev-12-6	11.3.0.4-1	amd64
libcufile-12-6	1.11.1.6-1	amd64
libcufile-dev-12-6	1.11.1.6-1	amd64
libcups2t64	2.4.7-1.2ubuntu7.9	amd64
libcurand-12-6	10.3.7.77-1	amd64
libcurand-dev-12-6	10.3.7.77-1	amd64
libcusolver-12-6	11.7.1.2-1	amd64
libcusolver-dev-12-6	11.7.1.2-1	amd64
libcusparse-12-6	12.5.4.2-1	amd64
libcusparse-dev-12-6	12.5.4.2-1	amd64
libdatrie1	0.2.13-3build1	amd64
libdb5.3t64	5.3.28+dfsg2-7	amd64
libdbus-1-3	1.14.10-4ubuntu4.1	amd64
libdconf1	0.40.0-4ubuntu0.1	amd64
libdebconfclient0	0.271ubuntu3	amd64
libdeflate0	1.19-1build1.1	amd64
libdevmapper1.02.1	2:1.02.185-3ubuntu3.2	amd64
libdpkg-perl	1.22.6ubuntu6.5	all
libdrm-amdgpu1	2.4.125-1ubuntu0.1~24.04.1	amd64
libdrm-common	2.4.125-1ubuntu0.1~24.04.1	all
libdrm-intel1	2.4.125-1ubuntu0.1~24.04.1	amd64
libdrm2	2.4.125-1ubuntu0.1~24.04.1	amd64
libedit2	3.1-20230828-1build1	amd64
libegl-mesa0	25.2.8-0ubuntu0.24.04.1	amd64
libegl1	1.7.0-1build1	amd64
libelf1t64	0.190-1.1ubuntu0.1	amd64
libepoxy0	1.5.10-1build1	amd64
libexpat1	2.6.1-2ubuntu0.4	amd64
libexpat1-dev	2.6.1-2ubuntu0.4	amd64
libext2fs2t64	1.47.0-2.4~exp1ubuntu4.1	amd64
libfdisk1	2.39.3-9ubuntu6.5	amd64
libffi8	3.4.6-1build1	amd64
libfontconfig1	2.15.0-1.1ubuntu2	amd64
libfreetype6	2.13.2+dfsg-1ubuntu0.1	amd64
libfribidi0	1.0.13-3build1	amd64
libgbm1	25.2.8-0ubuntu0.24.04.1	amd64
libgcc-13-dev	13.3.0-6ubuntu2~24.04.1	amd64
libgcc-s1	14.2.0-4ubuntu2~24.04.1	amd64
libgcrypt20	1.10.3-2build1	amd64
libgdbm-compat4t64	1.23-5.1build1	amd64
libgdbm6t64	1.23-5.1build1	amd64
libgdk-pixbuf-2.0-0	2.42.10+dfsg-3ubuntu3.2	amd64
libgdk-pixbuf2.0-common	2.42.10+dfsg-3ubuntu3.2	all
libgif7	5.2.2-1ubuntu1	amd64
libgl1	1.7.0-1build1	amd64
libgl1-mesa-dri	25.2.8-0ubuntu0.24.04.1	amd64
libglib2.0-0t64	2.80.0-6ubuntu3.8	amd64
libglvnd0	1.7.0-1build1	amd64
libglx-mesa0	25.2.8-0ubuntu0.24.04.1	amd64
libglx0	1.7.0-1build1	amd64
libgmp10	2:6.3.0+dfsg-2ubuntu6.1	amd64
libgnutls30t64	3.8.3-1.1ubuntu3.5	amd64
libgomp1	14.2.0-4ubuntu2~24.04.1	amd64
libgpg-error0	1.47-3build2.1	amd64
libgprofng0	2.42-4ubuntu2.10	amd64
libgraphite2-3	1.3.14-2build1	amd64
libgssapi-krb5-2	1.20.1-6ubuntu2.6	amd64
libgtk-3-0t64	3.24.41-4ubuntu1.3	amd64
libgtk-3-common	3.24.41-4ubuntu1.3	all
libharfbuzz0b	8.3.0-2build2	amd64
libhogweed6t64	3.9.1-2.2build1.1	amd64
libhwasan0	14.2.0-4ubuntu2~24.04.1	amd64
libicu74	74.2-1ubuntu3.1	amd64
libidn2-0	2.3.7-2build1.1	amd64
libisl23	0.26-3build1.1	amd64
libitm1	14.2.0-4ubuntu2~24.04.1	amd64
libjansson4	2.14-2build2	amd64
libjbig0	2.1-6.1ubuntu2	amd64
libjpeg-dev	8c-2ubuntu11	amd64
libjpeg-turbo8	2.1.5-2ubuntu2	amd64
libjpeg-turbo8-dev	2.1.5-2ubuntu2	amd64
libjpeg8	8c-2ubuntu11	amd64
libjpeg8-dev	8c-2ubuntu11	amd64
libjs-jquery	3.6.1+dfsg+~3.5.14-1	all
libjs-sphinxdoc	7.2.6-6	all
libjs-underscore	1.13.4~dfsg+~1.11.4-3	all
libjson-c5	0.17-1build1	amd64
libk5crypto3	1.20.1-6ubuntu2.6	amd64
libkeyutils1	1.6.3-3build1	amd64
libkmod2	31+20240202-2ubuntu7.1	amd64
libkrb5-3	1.20.1-6ubuntu2.6	amd64
libkrb5support0	1.20.1-6ubuntu2.6	amd64
libksba8	1.6.6-1build1	amd64
liblcms2-2	2.14-2build1	amd64
libldap2	2.6.10+dfsg-0ubuntu0.24.04.1	amd64
liblerc4	4.0.0+ds-4ubuntu2	amd64
libllvm20	1:20.1.2-0ubuntu1~24.04.2	amd64
liblsan0	14.2.0-4ubuntu2~24.04.1	amd64
liblz4-1	1.9.4-1build1.1	amd64
liblzma5	5.6.1+really5.4.5-1ubuntu0.2	amd64
libmd0	1.1.0-2build1.1	amd64
libmount1	2.39.3-9ubuntu6.5	amd64
libmpc3	1.3.1-1build1.1	amd64
libmpfr6	4.2.1-1build1.1	amd64
libncursesw6	6.4+20240113-1ubuntu2	amd64
libnettle8t64	3.9.1-2.2build1.1	amd64
libnpp-12-6	12.3.1.54-1	amd64
libnpp-dev-12-6	12.3.1.54-1	amd64
libnpth0t64	1.6-3.1build1	amd64
libnspr4	2:4.35-1.1build1	amd64
libnss3	2:3.98-1ubuntu0.1	amd64
libnuma1	2.0.18-1ubuntu0.24.04.1	amd64
libnvfatbin-12-6	12.6.77-1	amd64
libnvfatbin-dev-12-6	12.6.77-1	amd64
libnvjitlink-12-6	12.6.85-1	amd64
libnvjitlink-dev-12-6	12.6.85-1	amd64
libnvjpeg-12-6	12.3.3.54-1	amd64
libnvjpeg-dev-12-6	12.3.3.54-1	amd64
libopengl0	1.7.0-1build1	amd64
libp11-kit0	0.25.3-4ubuntu2.1	amd64
libpam-modules	1.5.3-5ubuntu5.5	amd64
libpam-modules-bin	1.5.3-5ubuntu5.5	amd64
libpam-runtime	1.5.3-5ubuntu5.5	all
libpam-systemd	255.4-1ubuntu8.12	amd64
libpam0g	1.5.3-5ubuntu5.5	amd64
libpango-1.0-0	1.52.1+ds-1build1	amd64
libpangocairo-1.0-0	1.52.1+ds-1build1	amd64
libpangoft2-1.0-0	1.52.1+ds-1build1	amd64
libpciaccess0	0.17-3ubuntu0.24.04.2	amd64
libpcre2-8-0	10.42-4ubuntu2.1	amd64
libpcsclite1	2.0.3-1build1	amd64
libperl5.38t64	5.38.2-3.2ubuntu0.2	amd64
libpixman-1-0	0.42.2-1build1	amd64
libpng-dev	1.6.43-5ubuntu0.5	amd64
libpng16-16t64	1.6.43-5ubuntu0.5	amd64
libproc2-0	2:4.0.4-4ubuntu3.2	amd64
libpsl5t64	0.21.2-1.1build1	amd64
libpython3-dev	3.12.3-0ubuntu2.1	amd64
libpython3-stdlib	3.12.3-0ubuntu2.1	amd64
libpython3.12-dev	3.12.3-1ubuntu0.16	amd64
libpython3.12-minimal	3.12.3-1ubuntu0.16	amd64
libpython3.12-stdlib	3.12.3-1ubuntu0.16	amd64
libpython3.12t64	3.12.3-1ubuntu0.16	amd64
libquadmath0	14.2.0-4ubuntu2~24.04.1	amd64
libreadline8t64	8.2-4build1	amd64
libsasl2-2	2.1.28+dfsg1-5ubuntu3.1	amd64
libsasl2-modules-db	2.1.28+dfsg1-5ubuntu3.1	amd64
libseccomp2	2.5.5-1ubuntu3.1	amd64
libselinux1	3.5-2ubuntu2.1	amd64
libsemanage-common	3.5-1build5	all
libsemanage2	3.5-1build5	amd64
libsensors-config	1:3.6.0-9build1	all
libsensors5	1:3.6.0-9build1	amd64
libsepol2	3.5-2build1	amd64
libsframe1	2.42-4ubuntu2.10	amd64
libsharpyuv0	1.3.2-0.4build3	amd64
libsmartcols1	2.39.3-9ubuntu6.5	amd64
libsqlite3-0	3.45.1-1ubuntu2.5	amd64
libss2	1.47.0-2.4~exp1ubuntu4.1	amd64
libssl3t64	3.0.13-0ubuntu3.7	amd64
libstdc++-13-dev	13.3.0-6ubuntu2~24.04.1	amd64
libstdc++6	14.2.0-4ubuntu2~24.04.1	amd64
libsystemd-shared	255.4-1ubuntu8.12	amd64
libsystemd0	255.4-1ubuntu8.12	amd64
libtasn1-6	4.19.0-3ubuntu0.24.04.2	amd64
libthai-data	0.1.29-2build1	all
libthai0	0.1.29-2build1	amd64
libtiff6	4.5.1+git230720-4ubuntu2.5	amd64
libtinfo6	6.4+20240113-1ubuntu2	amd64
libtsan2	14.2.0-4ubuntu2~24.04.1	amd64
libubsan1	14.2.0-4ubuntu2~24.04.1	amd64
libudev1	255.4-1ubuntu8.12	amd64
libunistring5	1.1-2build1.1	amd64
libuuid1	2.39.3-9ubuntu6.5	amd64
libvulkan1	1.3.275.0-1build1	amd64
libwayland-client0	1.22.0-2.1build1	amd64
libwayland-cursor0	1.22.0-2.1build1	amd64
libwayland-egl1	1.22.0-2.1build1	amd64
libwebp7	1.3.2-0.4build3	amd64
libx11-6	2:1.8.7-1build1	amd64
libx11-data	2:1.8.7-1build1	all
libx11-xcb1	2:1.8.7-1build1	amd64
libxau6	1:1.0.9-1build6	amd64
libxcb-cursor0	0.1.4-1build1	amd64
libxcb-dri3-0	1.15-1ubuntu2	amd64
libxcb-glx0	1.15-1ubuntu2	amd64
libxcb-icccm4	0.4.1-1.1build3	amd64
libxcb-image0	0.4.0-2build1	amd64
libxcb-keysyms1	0.4.0-1build4	amd64
libxcb-present0	1.15-1ubuntu2	amd64
libxcb-randr0	1.15-1ubuntu2	amd64
libxcb-render-util0	0.3.9-1build4	amd64
libxcb-render0	1.15-1ubuntu2	amd64
libxcb-shape0	1.15-1ubuntu2	amd64
libxcb-shm0	1.15-1ubuntu2	amd64
libxcb-sync1	1.15-1ubuntu2	amd64
libxcb-util1	0.4.0-1build3	amd64
libxcb-xfixes0	1.15-1ubuntu2	amd64
libxcb-xinerama0	1.15-1ubuntu2	amd64
libxcb-xinput0	1.15-1ubuntu2	amd64
libxcb-xkb1	1.15-1ubuntu2	amd64
libxcb1	1.15-1ubuntu2	amd64
libxcomposite1	1:0.4.5-1build3	amd64
libxcursor1	1:1.2.1-1build1	amd64
libxdamage1	1:1.1.6-1build1	amd64
libxdmcp6	1:1.1.3-0ubuntu6	amd64
libxext6	2:1.3.4-1build2	amd64
libxfixes3	1:6.0.0-2build1	amd64
libxi6	2:1.8.1-1build1	amd64
libxinerama1	2:1.1.4-3build1	amd64
libxkbcommon-x11-0	1.6.0-1build1	amd64
libxkbcommon0	1.6.0-1build1	amd64
libxml2	2.9.14+dfsg-1.3ubuntu3.7	amd64
libxrandr2	2:1.5.2-2build1	amd64
libxrender1	1:0.9.10-1.1build1	amd64
libxshmfence1	1.3-1build5	amd64
libxtst6	2:1.2.3-1.1build1	amd64
libxxf86vm1	1:1.1.4-1build4	amd64
libxxhash0	0.8.2-2build1	amd64
libzstd1	1.5.5+dfsg2-2build1.1	amd64
linux-libc-dev	6.8.0-106.106	amd64
login	1:4.13+dfsg1-4ubuntu3.2	amd64
logsave	1.47.0-2.4~exp1ubuntu4.1	amd64
lto-disabled-list	47	all
make	4.3-4.1build2	amd64
mawk	1.3.4.20240123-1build1	amd64
media-types	10.1.0	all
mesa-libgallium	25.2.8-0ubuntu0.24.04.1	amd64
mount	2.39.3-9ubuntu6.5	amd64
ncurses-base	6.4+20240113-1ubuntu2	all
ncurses-bin	6.4+20240113-1ubuntu2	amd64
netbase	6.4	all
nsight-compute-2024.3.2	2024.3.2.3-1	amd64
nsight-systems-2024.5.1	2024.5.1.113-245134619542v0	amd64
openjdk-21-jre	21.0.10+7-1~24.04	amd64
openjdk-21-jre-headless	21.0.10+7-1~24.04	amd64
openssl	3.0.13-0ubuntu3.7	amd64
passwd	1:4.13+dfsg1-4ubuntu3.2	amd64
patch	2.7.6-7build3	amd64
perl	5.38.2-3.2ubuntu0.2	amd64
perl-base	5.38.2-3.2ubuntu0.2	amd64
perl-modules-5.38	5.38.2-3.2ubuntu0.2	all
pinentry-curses	1.2.1-3ubuntu5	amd64
procps	2:4.0.4-4ubuntu3.2	amd64
python-is-python3	3.11.4-1	all
python3	3.12.3-0ubuntu2.1	amd64
python3-dev	3.12.3-0ubuntu2.1	amd64
python3-minimal	3.12.3-0ubuntu2.1	amd64
python3-pip	24.0+dfsg-1ubuntu1.3	all
python3-pip-whl	24.0+dfsg-1ubuntu1.3	all
python3-pkg-resources	68.1.2-2ubuntu1.2	all
python3-setuptools	68.1.2-2ubuntu1.2	all
python3-setuptools-whl	68.1.2-2ubuntu1.2	all
python3-wheel	0.42.0-2	all
python3.12	3.12.3-1ubuntu0.16	amd64
python3.12-dev	3.12.3-1ubuntu0.16	amd64
python3.12-minimal	3.12.3-1ubuntu0.16	amd64
python3.12-venv	3.12.3-1ubuntu0.16	amd64
readline-common	8.2-4build1	all
rpcsvc-proto	1.4.2-0ubuntu7	amd64
sed	4.9-2build1	amd64
sensible-utils	0.0.22	all
shared-mime-info	2.4-4	amd64
systemd	255.4-1ubuntu8.12	amd64
systemd-dev	255.4-1ubuntu8.12	all
systemd-sysv	255.4-1ubuntu8.12	amd64
sysvinit-utils	3.08-6ubuntu3	amd64
tar	1.35+dfsg-3build1	amd64
tzdata	2025b-0ubuntu0.24.04.1	all
ubuntu-keyring	2023.11.28.1	all
ubuntu-mono	24.04-0ubuntu1	all
unminimize	0.2.1	amd64
util-linux	2.39.3-9ubuntu6.5	amd64
wget	1.21.4-1ubuntu4.1	amd64
x11-common	1:7.7+23ubuntu3	all
xkb-data	2.41-2ubuntu1.1	all
xz-utils	5.6.1+really5.4.5-1ubuntu0.2	amd64
zlib1g	1:1.3.dfsg-3.1ubuntu2.1	amd64
zlib1g-dev	1:1.3.dfsg-3.1ubuntu2.1	amd64
